date,us_10y_yield,us_inflation_yoy,usd_cop,usd_pen,usd_mxn,usd_clp,market_factor,risk_regime
2025-08-01,4.353,3.0,4090.92,3.7233,18.713,936.21,-0.0091351527168856,Normal
2025-08-04,4.361,3.0,4081.81,3.7161,18.6971,935.77,-0.0083859069640838,Normal
2025-08-05,4.359,3.0,4104.49,3.7191,18.6613,939.17,-0.0176347149024476,Normal
2025-08-06,4.359,3.0,4116.27,3.7132,18.6902,938.5,0.0016215729271396,Normal
2025-08-07,4.354,3.0,4120.66,3.7108,18.7558,937.18,-0.0010704920974591,Normal
2025-08-08,4.359,3.0,4117.98,3.7154,18.6672,942.03,-0.0045835425027866,Normal
2025-08-11,4.35,3.0,4103.57,3.7161,18.6467,943.06,0.0082972169973113,Normal
2025-08-12,4.348,3.0,4102.81,3.7223,18.5713,945.65,-0.0027267993935177,Normal
2025-08-13,4.354,3.0,4085.69,3.7242,18.507,952.3,0.0145364841132088,Normal
2025-08-14,4.36,3.0,4100.73,3.7266,18.4356,952.36,0.0055575763528229,Normal
2025-08-15,4.363,3.0,4120.71,3.7347,18.4945,953.81,-0.0116169011850399,Normal
2025-08-18,4.359,3.0,4120.25,3.7316,18.5051,952.66,-0.0007270838091885,Normal
2025-08-19,4.36,3.0,4100.73,3.736,18.556,956.2,0.0052558324058487,Normal
2025-08-20,4.359,3.0,4097.75,3.7319,18.6221,956.77,0.0041638068662829,Normal
2025-08-21,4.363,3.0,4107.85,3.7264,18.523,959.49,0.0114625280483096,Normal
2025-08-22,4.364,3.0,4114.94,3.7191,18.5597,953.35,0.003125214235421,Normal
2025-08-25,4.361,3.0,4112.39,3.7229,18.5467,952.15,0.0138000429347794,Normal
2025-08-26,4.367,3.0,4115.49,3.7365,18.4863,957.14,0.0025766936433982,Normal
2025-08-27,4.367,3.0,4109.36,3.7426,18.5868,956.84,-0.0002063831919742,Normal
2025-08-28,4.359,3.0,4099.86,3.7533,18.566,952.61,-0.0020474602833172,Normal
2025-08-29,4.358,3.0,4107.45,3.7473,18.5322,951.98,0.0025667417376033,Normal
2025-09-01,4.366,2.97,4086.03,3.7413,18.5356,949.07,-0.0089352033283791,Normal
2025-09-02,4.371,2.97,4072.14,3.7406,18.5456,950.96,-0.0005831081910317,Normal
2025-09-03,4.367,2.97,4053.03,3.755,18.5241,948.94,0.0108112219712141,Normal
2025-09-04,4.366,2.97,4057.53,3.7667,18.4591,949.69,-0.0076507905470585,Normal
2025-09-05,4.364,2.97,4068.9,3.7667,18.462,951.77,0.0027515678024182,Normal
2025-09-08,4.366,2.97,4075.12,3.7649,18.4471,949.21,0.0143722868753507,Normal
2025-09-09,4.368,2.97,4076.58,3.7675,18.457,952.85,-0.0063126455215219,Normal
2025-09-10,4.363,2.97,4109.6,3.7752,18.4954,951.54,0.0030131040063386,Normal
2025-09-11,4.367,2.97,4113.14,3.7791,18.534,954.39,-0.0018985589824158,Normal
2025-09-12,4.363,2.97,4093.94,3.791,18.5382,953.45,0.0193918544866188,Normal
2025-09-15,4.373,2.97,4090.64,3.7972,18.526,952.29,0.0135145238187465,Normal
2025-09-16,4.374,2.97,4089.66,3.817,18.5668,949.78,-0.0042844561111893,Normal
2025-09-17,4.374,2.97,4099.14,3.8213,18.5427,954.53,0.0047517204323105,Normal
2025-09-18,4.367,2.97,4079.24,3.8083,18.6026,956.84,0.0236988732406145,Normal
2025-09-19,4.376,2.97,4090.6,3.8063,18.5359,952.39,0.0139883649667189,Normal
2025-09-22,4.378,2.97,4111.06,3.8125,18.5801,949.96,0.0026067461410435,Normal
2025-09-23,4.379,2.97,4097.69,3.8225,18.614,952.99,-0.0020768270914891,Normal
2025-09-24,4.38,2.97,4085.78,3.8268,18.5982,957.43,0.0091229638822709,Normal
2025-09-25,4.384,2.97,4055.72,3.8154,18.5096,954.77,-0.0104176880034151,Normal
2025-09-26,4.373,2.97,4068.11,3.8137,18.4803,953.02,-0.013346915316603,Normal
2025-09-29,4.38,2.97,4102.92,3.8079,18.4689,954.29,-0.0084504491559819,Normal
2025-09-30,4.391,2.97,4105.45,3.8086,18.4518,957.44,-0.0020343439039528,Normal
2025-10-01,4.394,2.96,4099.41,3.8112,18.4677,954.9,0.0108120814521068,Normal
2025-10-02,4.381,2.96,4073.44,3.8163,18.4483,951.35,0.0068077444199515,Normal
2025-10-03,4.386,2.96,4070.83,3.8074,18.3865,953.47,0.00633751801594,Normal
2025-10-06,4.389,2.96,4090.49,3.8014,18.4323,953.03,-0.0068607564764767,Normal
2025-10-07,4.395,2.96,4088.93,3.8025,18.4786,953.84,0.009695150593959,Normal
2025-10-08,4.401,2.96,4084.92,3.8095,18.4509,957.27,-0.0123573306152964,Normal
2025-10-09,4.402,2.96,4080.87,3.8065,18.4483,951.68,0.009534087613958,Normal
2025-10-10,4.394,2.96,4059.94,3.809,18.3965,952.26,-0.008759484589872,Normal
2025-10-13,4.39,2.96,4019.85,3.7945,18.3963,954.15,0.0107554775228144,Normal
2025-10-14,4.386,2.96,4029.91,3.7917,18.4105,951.52,0.0167239042202081,Normal
2025-10-15,4.376,2.96,4030.38,3.7869,18.4116,949.43,0.0004306663630625,Normal
2025-10-16,4.375,2.96,4012.59,3.7843,18.3732,950.46,0.000603899606775,Normal
2025-10-17,4.372,2.96,4004.54,3.7776,18.2793,952.49,0.0122936287300675,Normal
2025-10-20,4.375,2.96,4014.69,3.7799,18.3033,955.03,-0.0120899264694147,Normal
2025-10-21,4.378,2.96,4033.73,3.7688,18.2706,950.48,-0.0016641080713728,Normal
2025-10-22,4.378,2.96,4034.1,3.7743,18.2393,950.53,-0.0044869063417671,Normal
2025-10-23,4.376,2.96,4032.91,3.7757,18.2436,954.1,0.0199729997451661,Normal
2025-10-24,4.366,2.96,4002.6,3.781,18.3034,950.23,0.0104670264615159,Normal
2025-10-27,4.363,2.96,3969.15,3.7794,18.3824,947.24,-0.0073505779471632,Normal
2025-10-28,4.359,2.96,3960.85,3.7832,18.3611,941.43,-0.0040623292680745,Normal
2025-10-29,4.357,2.96,3956.03,3.7886,18.3083,943.94,0.0010119878915818,Normal
2025-10-30,4.361,2.96,3977.51,3.7698,18.3348,941.2,0.0065488904226537,Normal
2025-10-31,4.355,2.96,3970.72,3.769,18.3023,941.38,-0.0145795076398947,Normal
2025-11-03,4.35,2.97,3976.23,3.7665,18.2531,939.48,0.0034853209410313,Normal
2025-11-04,4.354,2.97,3958.76,3.7518,18.2314,938.03,0.0033708136238456,Normal
2025-11-05,4.357,2.97,3965.74,3.7416,18.2137,931.09,-0.0072814427169042,Normal
2025-11-06,4.356,2.97,3955.05,3.744,18.1847,926.82,-0.0048219996020987,Normal
2025-11-07,4.355,2.97,3949.32,3.749,18.1579,927.68,0.0078528743171893,Normal
2025-11-10,4.355,2.97,3943.91,3.7549,18.1884,927.73,8.042423002160333e-05,Normal
2025-11-11,4.35,2.97,3952.28,3.7455,18.206,926.91,-0.0007328275062863,Normal
2025-11-12,4.345,2.97,3947.19,3.7474,18.2601,927.25,0.0005410255787902,Normal
2025-11-13,4.343,2.97,3955.14,3.7491,18.2545,926.0,0.0016231549771436,Normal
2025-11-14,4.343,2.97,3974.92,3.7452,18.2179,928.1,-0.0043655728542686,Normal
2025-11-17,4.34,2.97,3978.67,3.7467,18.2105,930.73,0.0120130366688991,Normal
2025-11-18,4.334,2.97,3978.26,3.7331,18.2952,928.21,-0.0133576170273894,Normal
2025-11-19,4.334,2.97,3987.99,3.7387,18.2644,928.58,0.0022033360229373,Normal
2025-11-20,4.322,2.97,4010.77,3.7435,18.2258,926.39,0.0182459027514215,Normal
2025-11-21,4.322,2.97,4009.66,3.7454,18.2301,922.16,-0.000109957115152,Normal
2025-11-24,4.313,2.97,4013.51,3.7572,18.1896,927.92,0.000955019505729,Normal
2025-11-25,4.3,2.97,4012.83,3.758,18.1415,928.48,-0.0085606738452173,Normal
2025-11-26,4.303,2.97,4005.79,3.76,18.1157,930.78,-0.011912374870332,Normal
2025-11-27,4.31,2.97,4009.35,3.7631,18.1615,932.34,-0.0074668138921805,Normal
2025-11-28,4.31,2.97,3978.29,3.7759,18.1277,932.96,0.0017723705841075,Normal
2025-12-01,4.302,2.97,4003.02,3.7673,18.112,932.27,0.0141834740750306,Normal
2025-12-02,4.3,2.97,4005.31,3.7638,18.1541,935.36,-0.0152414311178781,Normal
2025-12-03,4.3,2.97,4000.06,3.7614,18.1277,931.73,-0.0132951178066836,Normal
2025-12-04,4.297,2.97,3999.78,3.7529,18.1489,933.36,0.0011673486426407,Normal
2025-12-05,4.294,2.97,4019.58,3.7424,18.102,935.9,-0.0185933828490786,Normal
2025-12-08,4.3,2.97,4021.88,3.743,18.0985,935.43,-0.0032561195611318,Normal
2025-12-09,4.299,2.97,4020.98,3.745,18.1583,934.14,-0.0080917631078268,Normal
2025-12-10,4.299,2.97,4028.55,3.7428,18.2347,934.61,-0.0072017438060015,Normal
2025-12-11,4.298,2.97,4025.35,3.7374,18.2199,934.45,-0.0032870634016089,Normal
2025-12-12,4.291,2.97,4027.92,3.7426,18.298,937.66,0.002427410178029,Normal
2025-12-15,4.285,2.97,4017.61,3.743,18.2607,935.8,0.003407642009171,Normal
2025-12-16,4.281,2.97,4001.23,3.7446,18.33,939.7,0.002044713565539,Normal
2025-12-17,4.282,2.97,4006.04,3.7457,18.3695,942.19,0.0086125230366827,Normal
2025-12-18,4.295,2.97,4006.62,3.7419,18.443,943.22,0.0122296818473931,Normal
2025-12-19,4.296,2.97,4025.91,3.7413,18.4858,940.88,-0.0062600003140395,Normal
2025-12-22,4.31,2.97,4044.16,3.7394,18.4426,941.69,0.0033808875617973,Normal
2025-12-23,4.301,2.97,4009.26,3.7368,18.4346,945.35,0.00026695778853,Normal
2025-12-24,4.294,2.97,4013.77,3.7388,18.3817,948.59,-0.0080163922266796,Normal
2025-12-25,4.294,2.97,4015.64,3.7389,18.3957,945.52,0.011334220628113,Normal
2025-12-26,4.294,2.97,4019.64,3.7217,18.3445,946.31,-0.0026408691076721,Normal
2025-12-29,4.298,2.97,4000.55,3.7214,18.399,950.78,0.0008327380543537,Normal
2025-12-30,4.295,2.97,3988.91,3.7155,18.4007,953.96,-0.0118907900644857,Normal
2025-12-31,4.299,2.97,3981.69,3.7076,18.4365,950.6,0.0022943084345512,Normal
2026-01-01,4.295,2.94,3993.23,3.7108,18.3923,951.21,-0.0195172843604269,Normal
2026-01-02,4.293,2.94,3971.4,3.7143,18.3771,951.6,0.0087382017881294,Normal
2026-01-05,4.282,2.94,3984.53,3.7204,18.4108,947.96,-0.0060273913709076,Normal
2026-01-06,4.276,2.94,4007.35,3.7077,18.4083,950.16,0.0003341457362245,Normal
2026-01-07,4.261,2.94,4014.08,3.7041,18.4312,949.78,-0.0006233253583095,Normal
2026-01-08,4.257,2.94,4020.53,3.6973,18.4647,953.33,0.0077470094962715,Normal
2026-01-09,4.26,2.94,4058.3,3.7057,18.5028,953.87,0.0052030369075152,Normal
2026-01-12,4.258,2.94,4066.28,3.7083,18.6045,951.94,-0.0033178032456828,Normal
2026-01-13,4.249,2.94,4066.89,3.7027,18.6006,955.89,0.0033843662414714,Normal
2026-01-14,4.254,2.94,4052.52,3.7046,18.5733,956.23,-0.0067005439189807,Normal
2026-01-15,4.248,2.94,4072.66,3.7016,18.6518,953.51,-0.0019763587135469,Normal
2026-01-16,4.25,2.94,4067.36,3.6949,18.6395,953.01,-0.0061849017779141,Normal
2026-01-19,4.251,2.94,4075.52,3.6974,18.6472,950.44,0.0126933514003282,Normal
2026-01-20,4.252,2.94,4096.95,3.7043,18.6573,949.64,0.0149727617631504,Normal
2026-01-21,4.24,2.94,4092.19,3.7036,18.642,948.72,-0.0116601690087213,Normal
2026-01-22,4.24,2.94,4062.88,3.7047,18.682,949.39,-0.0031146258138511,Normal
2026-01-23,4.241,2.94,4058.01,3.7063,18.6607,951.58,0.0015815280467761,Normal
2026-01-26,4.24,2.94,4082.74,3.7147,18.573,949.29,0.0037466896068257,Normal
2026-01-27,4.223,2.94,4077.3,3.7099,18.5595,946.95,-0.017032507278349,Normal
2026-01-28,4.217,2.94,4064.01,3.7118,18.481,945.69,-0.006669929909748,Normal
2026-01-29,4.218,2.94,4065.92,3.7228,18.4833,944.02,0.0027716910537551,Normal
2026-01-30,4.225,2.94,4073.21,3.7204,18.5011,942.94,-0.0004329901603259,Normal
2026-02-02,4.218,2.94,4061.05,3.7145,18.5198,944.27,-0.0047711594029624,Normal
2026-02-03,4.224,2.94,4068.12,3.7252,18.508,947.25,-0.0003815456098257,Normal
2026-02-04,4.217,2.94,4056.78,3.7282,18.439,951.93,-0.0003798231278538,Normal
2026-02-05,4.215,2.94,4054.53,3.726,18.4333,954.47,0.0148271436199483,Normal
2026-02-06,4.209,2.94,4054.13,3.7299,18.4124,948.71,-0.0047144496323165,Normal
2026-02-09,4.216,2.94,4075.74,3.7269,18.3941,945.15,-0.007715837077275,Stress
2026-02-10,4.215,2.94,4072.81,3.7301,18.4742,946.6,0.0038474916778407,Stress
2026-02-11,4.22,2.94,4083.71,3.7296,18.4273,942.99,0.002287137709611,Stress
2026-02-12,4.223,2.94,4070.06,3.7393,18.4012,945.58,-0.004408758244675,Stress
2026-02-13,4.211,2.94,4093.74,3.7375,18.3625,947.66,-0.0051853082186305,Stress
2026-02-16,4.207,2.94,4056.05,3.7429,18.4144,945.5,-0.0064892813917746,Stress
2026-02-17,4.203,2.94,4052.76,3.7497,18.3404,945.25,-0.0131723810708868,Stress
2026-02-18,4.197,2.94,4030.05,3.7395,18.3546,942.58,-0.010555851051828,Stress
2026-02-19,4.193,2.94,4040.18,3.7415,18.3183,933.82,-0.0046691854889198,Stress
2026-02-20,4.202,2.94,4037.28,3.7392,18.3603,935.47,-0.0134501571002717,Stress
2026-02-23,4.215,2.94,4059.66,3.7302,18.3311,938.43,-0.0007799281879441,Normal
2026-02-24,4.216,2.94,4037.16,3.7214,18.3142,940.04,0.006724089601965,Normal
2026-02-25,4.206,2.94,4049.92,3.7182,18.2796,941.78,-0.004422511996986,Normal
2026-02-26,4.208,2.94,4053.72,3.7313,18.1807,940.47,-0.0126355056957651,Normal
2026-02-27,4.208,2.94,4055.34,3.7313,18.2351,937.74,0.0052163185561725,Normal
2026-03-02,4.208,2.91,4034.76,3.7262,18.2011,936.65,0.0087989648627095,Recovery
2026-03-03,4.206,2.91,4039.65,3.7147,18.1174,938.21,0.0089648221065575,Recovery
2026-03-04,4.196,2.91,4007.7,3.7076,18.1311,942.0,-0.0004264419667077,Recovery
2026-03-05,4.188,2.91,4013.53,3.7004,18.1243,938.19,0.0009131132004623,Recovery
2026-03-06,4.194,2.91,4014.53,3.6888,18.1455,938.71,0.0164514644304702,Recovery
2026-03-09,4.201,2.91,4029.41,3.6882,18.1145,939.36,0.005133321240171,Recovery
2026-03-10,4.186,2.91,4034.58,3.6916,18.125,937.79,0.0036338745423785,Recovery
2026-03-11,4.197,2.91,4020.23,3.6818,18.1832,936.24,0.0006100013308416,Recovery
2026-03-12,4.199,2.91,4023.04,3.6871,18.2448,938.12,-0.0059810213848273,Recovery
2026-03-13,4.195,2.91,4023.99,3.6826,18.2827,936.63,-0.007955741378994,Recovery
2026-03-16,4.193,2.91,4041.49,3.6935,18.2427,936.08,0.0136964653328889,Normal
2026-03-17,4.196,2.91,4038.26,3.6869,18.2373,938.97,0.0010089556291931,Normal
2026-03-18,4.181,2.91,4055.26,3.6911,18.1776,937.6,0.0006117443144874,Normal
2026-03-19,4.18,2.91,4057.88,3.6921,18.1694,939.53,0.0037743825811253,Normal
2026-03-20,4.183,2.91,4041.85,3.6983,18.1489,941.75,0.0087165471485178,Normal
2026-03-23,4.176,2.91,4037.95,3.7008,18.2064,943.98,0.0106622948697352,Normal
2026-03-24,4.175,2.91,4047.51,3.7065,18.18,942.95,-0.0135071750715847,Normal
2026-03-25,4.178,2.91,4046.94,3.6994,18.2211,941.87,0.0030888812715464,Normal
2026-03-26,4.172,2.91,4064.38,3.698,18.2763,937.32,-0.0185037237768808,Normal
2026-03-27,4.174,2.91,4078.52,3.7045,18.2838,938.73,0.0017207144604735,Normal
2026-03-30,4.168,2.91,4074.1,3.7052,18.2231,938.54,0.0095566010195175,Normal
2026-03-31,4.166,2.91,4072.02,3.7029,18.2551,936.43,0.0007933919920468,Normal
2026-04-01,4.162,2.9,4046.8,3.7078,18.3105,937.31,-0.0062788682391436,Normal
2026-04-02,4.165,2.9,4057.66,3.7032,18.3193,937.97,-0.0006106219242128,Normal
2026-04-03,4.169,2.9,4077.62,3.7112,18.3273,941.11,-0.0048428828972558,Normal
2026-04-06,4.173,2.9,4071.47,3.7192,18.2652,935.73,-0.0001570646760047,Normal
2026-04-07,4.177,2.9,4069.19,3.7084,18.2405,937.15,0.0091455730819084,Normal
2026-04-08,4.167,2.9,4062.56,3.708,18.2355,940.31,0.0077925149881431,Normal
2026-04-09,4.169,2.9,4053.88,3.7115,18.2397,938.0,0.0059181324480168,Normal
2026-04-10,4.169,2.9,4055.62,3.7146,18.2131,939.42,-0.0104155384545792,Normal
2026-04-13,4.171,2.9,4054.73,3.7129,18.2498,947.75,0.0119115646490553,Normal
2026-04-14,4.163,2.9,4072.39,3.7193,18.2356,951.42,0.0060483079498508,Normal
2026-04-15,4.164,2.9,4075.2,3.7147,18.3123,953.64,-0.0004204723965052,Normal
2026-04-16,4.158,2.9,4086.5,3.7153,18.3153,952.98,-0.0010805603686868,Normal
2026-04-17,4.159,2.9,4079.73,3.7138,18.3078,954.24,0.0075756119052392,Normal
2026-04-20,4.159,2.9,4078.67,3.7173,18.3108,953.87,0.0062500761636228,Normal
2026-04-21,4.17,2.9,4097.99,3.7055,18.2978,957.91,0.0083562143713747,Normal
2026-04-22,4.171,2.9,4111.27,3.7057,18.3577,957.79,0.0037102810220643,Normal
2026-04-23,4.17,2.9,4103.57,3.7057,18.374,956.4,-0.0113831070401605,Normal
2026-04-24,4.18,2.9,4108.94,3.7029,18.4134,956.09,-0.0075703989894133,Normal
2026-04-27,4.183,2.9,4109.73,3.7045,18.4468,952.76,-0.0115972299763466,Normal
2026-04-28,4.183,2.9,4103.08,3.7111,18.4146,952.77,-0.0050722776983981,Normal
2026-04-29,4.177,2.9,4107.17,3.7113,18.4324,953.46,0.0001999531583796,Normal
2026-04-30,4.18,2.9,4098.99,3.7132,18.4157,954.12,0.0043807619965703,Normal
2026-05-01,4.167,2.9,4114.12,3.7081,18.3659,953.48,-0.0117826555600971,Normal
2026-05-04,4.165,2.9,4134.57,3.7134,18.3744,957.89,-0.0062280410034018,Normal
2026-05-05,4.158,2.9,4108.13,3.7157,18.33,956.6,-0.0033854646438781,Normal
2026-05-06,4.152,2.9,4116.54,3.7093,18.2922,961.29,0.004107848534725,Normal
2026-05-07,4.15,2.9,4111.35,3.7014,18.2751,962.35,-0.0005576280740284,Normal
2026-05-08,4.159,2.9,4110.48,3.702,18.2613,965.64,-0.0014422376551431,Normal
2026-05-11,4.148,2.9,4113.59,3.7075,18.3387,968.13,-0.0035945439288688,Normal
2026-05-12,4.148,2.9,4118.04,3.6983,18.3024,972.18,0.0030372164361693,Normal
2026-05-13,4.146,2.9,4119.95,3.689,18.2959,979.46,-0.0039688331067454,Normal
2026-05-14,4.147,2.9,4114.61,3.6845,18.237,983.05,-0.0045179797402839,Normal
2026-05-15,4.144,2.9,4118.36,3.6759,18.2397,982.43,-0.0109036112165553,Normal
2026-05-18,4.14,2.9,4116.16,3.686,18.2359,980.45,0.0079827162479193,Normal
2026-05-19,4.146,2.9,4123.05,3.6798,18.289,981.11,-0.0137003270683426,Normal
2026-05-20,4.151,2.9,4133.65,3.6811,18.2583,985.16,0.0141344560423654,Normal
2026-05-21,4.148,2.9,4112.41,3.6807,18.2833,983.02,-0.0041911296263618,Normal
2026-05-22,4.141,2.9,4140.69,3.6818,18.2496,986.18,-2.5625500660836614e-05,Normal
2026-05-25,4.141,2.9,4147.46,3.6906,18.3247,989.52,-0.0088402642528009,Normal
2026-05-26,4.146,2.9,4169.56,3.6847,18.3466,992.35,0.0111780464745886,Normal
2026-05-27,4.139,2.9,4159.52,3.6962,18.3667,992.22,0.0019442922228015,Normal
2026-05-28,4.137,2.9,4148.3,3.6999,18.3833,989.48,-0.0099341392252877,Normal
2026-05-29,4.135,2.9,4145.17,3.6909,18.3672,992.22,-0.0002666374857114,Normal
2026-06-01,4.134,2.87,4139.23,3.6844,18.3756,989.25,-0.0012736728987977,Normal
2026-06-02,4.127,2.87,4141.52,3.6855,18.3879,982.76,-0.0050591103308106,Normal
2026-06-03,4.134,2.87,4123.63,3.6845,18.3405,981.94,-0.0013856153189402,Normal
2026-06-04,4.132,2.87,4147.26,3.6783,18.2542,985.36,-0.0011222370710839,Normal
2026-06-05,4.147,2.87,4152.13,3.6741,18.203,983.58,-0.0064376221868806,Normal
2026-06-08,4.143,2.87,4161.1,3.6821,18.1704,984.91,0.0016562063624469,Normal
2026-06-09,4.149,2.87,4166.36,3.6934,18.1926,984.12,-0.0067688522394073,Normal
2026-06-10,4.149,2.87,4167.27,3.6914,18.1881,989.23,-0.0180537639714216,Normal
2026-06-11,4.156,2.87,4169.16,3.698,18.2322,990.91,0.003498724129001,Normal
2026-06-12,4.159,2.87,4175.84,3.7031,18.2462,989.78,-0.0004016535293862,Normal
2026-06-15,4.156,2.87,4199.36,3.7021,18.1318,986.96,-0.006318929701727,Normal
2026-06-16,4.163,2.87,4184.77,3.6978,18.1643,983.44,-0.0024510232532707,Normal
2026-06-17,4.153,2.87,4187.72,3.7008,18.1789,978.7,0.0040641072868712,Normal
2026-06-18,4.155,2.87,4178.65,3.7115,18.2158,979.97,-0.0158193281052176,Normal
2026-06-19,4.153,2.87,4173.99,3.7065,18.1088,979.22,-0.0017769637562417,Normal
2026-06-22,4.15,2.87,4169.53,3.7013,18.0514,978.44,-0.0216187785855247,Normal
2026-06-23,4.146,2.87,4149.7,3.6927,18.1255,982.12,-0.0106788114051182,Normal
2026-06-24,4.154,2.87,4150.96,3.6842,18.2136,985.17,0.0055878409881563,Normal
2026-06-25,4.156,2.87,4147.78,3.6947,18.2492,984.38,0.002046425284399,Normal
2026-06-26,4.158,2.87,4127.97,3.6882,18.2806,983.53,0.0007957335609048,Normal
2026-06-29,4.15,2.87,4137.26,3.6931,18.2858,984.1,0.0085025754996694,Normal
2026-06-30,4.149,2.87,4172.51,3.692,18.2875,983.97,-0.0020116096911795,Normal
2026-07-01,4.142,2.86,4186.31,3.7007,18.3639,984.51,-0.0008194595324268,Normal
2026-07-02,4.134,2.86,4161.26,3.7017,18.382,986.09,-0.0028551340702054,Normal
2026-07-03,4.132,2.86,4125.5,3.6961,18.3454,986.86,0.0024931413260653,Normal
2026-07-06,4.141,2.86,4107.58,3.693,18.2816,988.72,0.005579699265588,Normal
2026-07-07,4.144,2.86,4120.64,3.6926,18.2724,993.44,0.0076767081087416,Normal
2026-07-08,4.148,2.86,4110.2,3.6774,18.2902,997.83,-0.0127751281196466,Normal
2026-07-09,4.145,2.86,4104.64,3.6727,18.2843,996.52,-0.0074371920265447,Normal
2026-07-10,4.142,2.86,4101.89,3.6669,18.3161,999.77,-0.0062742511492589,Normal
2026-07-13,4.137,2.86,4111.94,3.6747,18.321,1002.22,2.4662290319506827e-05,Normal
2026-07-14,4.131,2.86,4120.04,3.6772,18.3424,1006.05,0.0096827408113403,Normal
2026-07-15,4.132,2.86,4106.9,3.6795,18.3419,1004.01,-0.000339725550568,Normal
2026-07-16,4.134,2.86,4093.4,3.6769,18.2858,1005.48,-0.000382909256942,Normal
2026-07-17,4.137,2.86,4109.8,3.6884,18.3838,1006.3,-0.0062977107176044,Normal
2026-07-20,4.134,2.86,4097.98,3.6869,18.393,1004.81,-0.0097064119440673,Normal
2026-07-21,4.128,2.86,4094.03,3.6832,18.4184,1007.23,-0.0063016838326481,Normal
2026-07-22,4.126,2.86,4080.58,3.6802,18.437,1009.18,-0.0013185061114192,Normal
2026-07-23,4.126,2.86,4077.61,3.6881,18.4295,1008.48,-0.0035231771167768,Normal
2026-07-24,4.12,2.86,4083.63,3.6961,18.4921,1006.9,0.0030808731088766,Normal
2026-07-27,4.104,2.86,4101.1,3.6983,18.5485,1003.65,-0.0063554605465861,Normal
2026-07-28,4.109,2.86,4122.62,3.7017,18.5252,1006.93,-0.001134024103792,Normal
2026-07-29,4.118,2.86,4111.55,3.6985,18.5316,1003.28,-0.0060590440778176,Normal
2026-07-30,4.122,2.86,4127.41,3.6816,18.5758,1003.36,-0.0002889819870221,Normal
2026-07-31,4.122,2.86,4126.33,3.6806,18.6045,1001.44,-0.0002759412490114,Normal
2026-08-03,4.129,2.82,4101.15,3.6808,18.6143,998.02,0.0064170404568509,Normal
2026-08-04,4.123,2.82,4124.54,3.6853,18.6333,1001.48,-0.003889626769025,Normal
2026-08-05,4.119,2.82,4142.65,3.6864,18.6542,999.85,-0.0058662234032484,Normal
2026-08-06,4.117,2.82,4158.0,3.6948,18.6199,1000.54,0.0201236882551109,Normal
2026-08-07,4.116,2.82,4167.12,3.6926,18.6562,1005.38,0.0172848125729691,Normal
2026-08-10,4.116,2.82,4182.79,3.6787,18.599,1009.18,0.0024467681300302,Normal
2026-08-11,4.11,2.82,4188.47,3.6769,18.5753,1006.49,-0.0052155444429599,Normal
2026-08-12,4.105,2.82,4180.59,3.6803,18.5967,999.48,-0.0090962883697123,Normal
2026-08-13,4.1,2.82,4188.62,3.6784,18.5111,1002.02,-0.003629708351548,Normal
2026-08-14,4.1,2.82,4195.52,3.6802,18.4975,1003.31,0.0114730139811402,Normal
